,idPerson,FIRST_NAME,MIDDLE INITIAL,LAST_NAME,UTC_TIMEZONE,EMAIL,AREA_CODE,PHONE NUMBER,PLATFORM,CONVO_COUNT
0,,Forest,o,Sistrunk,UTC -4,Forest.o.Sistrunk@gmail.com,38,3409777625,A,79
1,,Randal,x,Kuchan,UTC -1,Randal.x.Kuchan@gmail.com,,2991178214,A,74
2,,Bee,U,Heiner,UTC -5,Bee.U.Heiner@gmail.com,,7654804276,A,81
3,,Chere,t,Cowell,UTC -3,Chere.t.Cowell@gmail.com,,3877180267,A,76
4,,Waylon,g,Cruice,UTC -12,Waylon.g.Cruice@gmail.com,,,A,78
5,,Emmaline,n,Aitken,UTC -2,Emmaline.n.Aitken@gmail.com,,9116810894,A,73
6,,Tresa,j,Madlem,UTC 10,Tresa.j.Madlem@gmail.com,,5872303463,A,73
7,,Annie,n,Tomlinson,UTC -4,Annie.n.Tomlinson@gmail.com,,1711722888,A,75
8,,Ma,A,Weathers,UTC -1,Ma.A.Weathers@gmail.com,,8305952595,A,81
9,,Pansy,g,Spriggs,UTC 0,Pansy.g.Spriggs@gmail.com,1,8097915904,A,79
10,,Carisa,D,Perce,UTC -8,Carisa.D.Perce@gmail.com,15,8546597524,A,12
11,,Tobie,j,Clason,UTC 10,Tobie.j.Clason@gmail.com,,7902006061,A,7
12,,Shenna,S,Bendtsen,UTC 6,Shenna.S.Bendtsen@gmail.com,62,5069480869,A,11
13,,Tomeka,u,Happ,UTC -7,Tomeka.u.Happ@gmail.com,,1505387267,A,6
14,,Dung,H,Ziehm,UTC 11,Dung.H.Ziehm@gmail.com,,4768557955,A,12
15,,Kam,I,Hornick,UTC -4,Kam.I.Hornick@gmail.com,,5977996489,A,6
16,,Digna,y,Uchiyama,UTC 1,Digna.y.Uchiyama@gmail.com,30,6613718414,A,7
17,,Dorethea,o,Vanepps,UTC -4,Dorethea.o.Vanepps@gmail.com,,1833975033,A,9
18,,Ara,K,Gellings,UTC -7,Ara.K.Gellings@gmail.com,,2570977480,A,11
19,,Arlie,s,Gillim,UTC 0,Arlie.s.Gillim@gmail.com,,4748261387,A,8
20,,Jacinto,a,Jahn,UTC 12,Jacinto.a.Jahn@gmail.com,,3011870230,A,8
21,,Willian,P,Player,UTC 11,Willian.P.Player@gmail.com,69,7891389510,A,13
22,,Mavis,S,Moises,UTC 0,Mavis.S.Moises@gmail.com,,9441982901,A,9
23,,Wilfredo,P,Huether,UTC 9,Wilfredo.P.Huether@gmail.com,,1718899406,A,11
24,,Dinah,N,Gray,UTC 4,Dinah.N.Gray@gmail.com,1,7243483329,A,3
25,,Myrtice,Z,Economus,UTC -12,Myrtice.Z.Economus@gmail.com,17,5363222386,A,6
26,,Marquetta,Z,Ruggerio,UTC 7,Marquetta.Z.Ruggerio@gmail.com,27,2466574186,A,11
27,,Toya,h,Berlingeri,UTC -9,Toya.h.Berlingeri@gmail.com,,5060152454,A,8
28,,Malena,W,Nattiah,UTC -9,Malena.W.Nattiah@gmail.com,81,3992909251,A,8
29,,Zelma,N,Mares,UTC 7,Zelma.N.Mares@gmail.com,9,3962478812,A,10
30,,Aurora,I,Schmal,UTC 8,Aurora.I.Schmal@gmail.com,,,A,9
31,,Devin,u,Dumont,UTC 0,Devin.u.Dumont@gmail.com,,3682872641,A,8
32,,Ronny,j,Schuppenhauer,UTC 7,Ronny.j.Schuppenhauer@gmail.com,1,6615558042,A,14
33,,Anitra,V,Feig,UTC 1,Anitra.V.Feig@gmail.com,1,3773822601,A,10
34,,Denis,D,Katula,UTC -7,Denis.D.Katula@gmail.com,1,7876856502,A,9
35,,Donald,X,Bechthold,UTC 5,Donald.X.Bechthold@gmail.com,,6439497109,A,8
36,,Lakisha,V,Sadlow,UTC 12,Lakisha.V.Sadlow@gmail.com,1,4687949378,A,10
37,,Sofia,c,Hunsucker,UTC 10,Sofia.c.Hunsucker@gmail.com,1,7285235024,A,9
38,,Isaac,C,Wittwer,UTC 11,Isaac.C.Wittwer@gmail.com,,3923516711,A,10
39,,Bernarda,P,Mattimoe,UTC 11,Bernarda.P.Mattimoe@gmail.com,,4966648735,A,11
40,,Fannie,B,Zodrow,UTC -5,Fannie.B.Zodrow@gmail.com,,8516670637,A,9
41,,Lilly,H,Shetler,UTC 9,Lilly.H.Shetler@gmail.com,,5655575776,A,10
42,,Elanor,J,Iwanyszyn,UTC 10,Elanor.J.Iwanyszyn@gmail.com,,3072989569,A,6
43,,Deetta,Y,Bocchicchio,UTC -3,Deetta.Y.Bocchicchio@gmail.com,,5926695033,A,6
44,,Machelle,i,Sibley,UTC 6,Machelle.i.Sibley@gmail.com,52,3200059065,A,8
45,,Sharita,S,Zampedri,UTC 4,Sharita.S.Zampedri@gmail.com,1,6726581703,A,7
46,,Lezlie,n,Towlerton,UTC -10,Lezlie.n.Towlerton@gmail.com,,,A,11
47,,Jesusa,s,Grzebien,UTC 5,Jesusa.s.Grzebien@gmail.com,,3162415056,A,9
48,,Isabel,M,Pilbin,UTC 1,Isabel.M.Pilbin@gmail.com,,7386711070,A,8
49,,Moses,N,Olinick,UTC -1,Moses.N.Olinick@gmail.com,1,6887727907,A,8
50,,Portia,Y,Brian,UTC 7,Portia.Y.Brian@gmail.com,,1485956344,A,10
51,,Lucina,c,Soloway,UTC 8,Lucina.c.Soloway@gmail.com,,3223642297,A,10
52,,Juana,t,Rieske,UTC 3,Juana.t.Rieske@gmail.com,,5114192663,A,9
53,,Gayla,x,Farver,UTC 8,Gayla.x.Farver@gmail.com,,6802351914,A,5
54,,Drucilla,m,Bunk,UTC -2,Drucilla.m.Bunk@gmail.com,,3889488097,A,7
55,,Kandra,V,Ferraro,UTC 1,Kandra.V.Ferraro@gmail.com,1,4757234889,A,13
56,,Rudy,R,Legault,UTC -12,Rudy.R.Legault@gmail.com,,3783402433,A,5
57,,Karissa,n,Monka,UTC 2,Karissa.n.Monka@gmail.com,,5268161877,A,8
58,,Milissa,z,Pyland,UTC -11,Milissa.z.Pyland@gmail.com,,2288993536,A,5
59,,Rolande,V,Wendelboe,UTC 5,Rolande.V.Wendelboe@gmail.com,,5203225753,A,8
60,,Meda,m,Wilbert,UTC 5,Meda.m.Wilbert@gmail.com,,1699270572,A,7
61,,Stefanie,b,Derbacher,UTC -3,Stefanie.b.Derbacher@gmail.com,9,2466804734,A,13
62,,Bret,N,Wolle,UTC -11,Bret.N.Wolle@gmail.com,,9980997530,A,6
63,,Diedre,V,Karratti,UTC 9,Diedre.V.Karratti@gmail.com,,1334930171,A,10
64,,Dyan,V,Ran,UTC 1,Dyan.V.Ran@gmail.com,,9603394830,A,9
65,,Faith,f,Bogacki,UTC -2,Faith.f.Bogacki@gmail.com,,1864625440,A,11
66,,Nickole,m,Collingwood,UTC 1,Nickole.m.Collingwood@gmail.com,1,6881707958,A,6
67,,Derick,L,Iskra,UTC -9,Derick.L.Iskra@gmail.com,,3961633045,A,4
68,,Prince,u,Rones,UTC -4,Prince.u.Rones@gmail.com,,,A,7
69,,Alison,P,Rossen,UTC -12,Alison.P.Rossen@gmail.com,,6723573213,A,7
70,,Eileen,Q,Bibel,UTC -2,Eileen.Q.Bibel@gmail.com,,6597119649,A,12
71,,Elsa,M,Hasse,UTC 8,Elsa.M.Hasse@gmail.com,,2562820388,A,10
72,,Dee,n,Bow,UTC 1,Dee.n.Bow@gmail.com,18,3863830014,A,6
73,,Dot,z,Chrystal,UTC 7,Dot.z.Chrystal@gmail.com,56,3781240860,A,13
74,,Lashawna,N,Sumbera,UTC -3,Lashawna.N.Sumbera@gmail.com,,,A,8
75,,Brittni,w,Racilis,UTC -8,Brittni.w.Racilis@gmail.com,64,6933547540,A,4
76,,Anika,w,Prohonic,UTC 6,Anika.w.Prohonic@gmail.com,47,6816097225,A,17
77,,Man,V,Preslipsky,UTC 0,Man.V.Preslipsky@gmail.com,,5070813790,A,6
78,,Clarita,G,Crafton,UTC -4,Clarita.G.Crafton@gmail.com,,6824524314,A,8
79,,Katia,z,Leuckel,UTC 6,Katia.z.Leuckel@gmail.com,,1634392949,A,4
80,,Andy,X,Ezernack,UTC -8,Andy.X.Ezernack@gmail.com,,4505228276,A,7
81,,Arnetta,u,Alambar,UTC 2,Arnetta.u.Alambar@gmail.com,,8498567445,A,10
82,,Tula,B,Delapena,UTC 6,Tula.B.Delapena@gmail.com,1,3421309231,A,10
83,,Kitty,o,Maler,UTC 7,Kitty.o.Maler@gmail.com,,,A,11
84,,Ruthanne,i,Hoglan,UTC -11,Ruthanne.i.Hoglan@gmail.com,1,1254268743,A,4
85,,Shan,s,Krystal,UTC 6,Shan.s.Krystal@gmail.com,1,7242507930,A,8
86,,Jade,p,Barras,UTC 5,Jade.p.Barras@gmail.com,,8609404932,A,8
87,,Grisel,K,Bartow,UTC -7,Grisel.K.Bartow@gmail.com,,2270264293,A,7
88,,Adam,m,Lohrke,UTC 7,Adam.m.Lohrke@gmail.com,84,5363378970,A,17
89,,Annalee,D,Gutshall,UTC 3,Annalee.D.Gutshall@gmail.com,,6446773786,A,11
90,,Chi,U,Rile,UTC 1,Chi.U.Rile@gmail.com,29,1957884743,A,6
91,,Kenneth,Y,Heral,UTC 11,Kenneth.Y.Heral@gmail.com,,7741444240,A,10
92,,Elvis,e,Burdis,UTC 6,Elvis.e.Burdis@gmail.com,,4701614021,A,5
93,,Ginette,p,Brockell,UTC -2,Ginette.p.Brockell@gmail.com,,,A,9
94,,Tawanna,v,Heyen,UTC 1,Tawanna.v.Heyen@gmail.com,60,9972544864,A,6
95,,Matilde,V,Kiral,UTC -7,Matilde.V.Kiral@gmail.com,,8837159347,A,9
96,,Suk,P,Selissen,UTC 9,Suk.P.Selissen@gmail.com,,1962301106,A,10
97,,Lorrine,n,Claudio,UTC 0,Lorrine.n.Claudio@gmail.com,,,A,8
98,,Suellen,b,Raymer,UTC -10,Suellen.b.Raymer@gmail.com,,3928325372,A,4
99,,Eusebio,x,Thate,UTC 6,Eusebio.x.Thate@gmail.com,,3290420369,A,5
100,,Forest,o,Sistrunk,UTC -4,Forest.o.Sistrunk@gmail.com,38,3409777625,B,18
101,,Randal,x,Kuchan,UTC -1,Randal.x.Kuchan@gmail.com,,2991178214,B,25
102,,Bee,U,Heiner,UTC -5,Bee.U.Heiner@gmail.com,,7654804276,B,16
103,,Chere,t,Cowell,UTC -3,Chere.t.Cowell@gmail.com,,3877180267,B,23
104,,Waylon,g,Cruice,UTC -12,Waylon.g.Cruice@gmail.com,,,B,19
105,,Emmaline,n,Aitken,UTC -2,Emmaline.n.Aitken@gmail.com,,9116810894,B,27
106,,Tresa,j,Madlem,UTC 10,Tresa.j.Madlem@gmail.com,,5872303463,B,23
107,,Annie,n,Tomlinson,UTC -4,Annie.n.Tomlinson@gmail.com,,1711722888,B,24
108,,Ma,A,Weathers,UTC -1,Ma.A.Weathers@gmail.com,,8305952595,B,16
109,,Pansy,g,Spriggs,UTC 0,Pansy.g.Spriggs@gmail.com,1,8097915904,B,18
110,,Carisa,D,Perce,UTC -8,Carisa.D.Perce@gmail.com,15,8546597524,B,2
111,,Tobie,j,Clason,UTC 10,Tobie.j.Clason@gmail.com,,7902006061,B,0
112,,Shenna,S,Bendtsen,UTC 6,Shenna.S.Bendtsen@gmail.com,62,5069480869,B,3
113,,Tomeka,u,Happ,UTC -7,Tomeka.u.Happ@gmail.com,,1505387267,B,1
114,,Dung,H,Ziehm,UTC 11,Dung.H.Ziehm@gmail.com,,4768557955,B,6
115,,Kam,I,Hornick,UTC -4,Kam.I.Hornick@gmail.com,,5977996489,B,1
116,,Digna,y,Uchiyama,UTC 1,Digna.y.Uchiyama@gmail.com,30,6613718414,B,4
117,,Dorethea,o,Vanepps,UTC -4,Dorethea.o.Vanepps@gmail.com,,1833975033,B,4
118,,Ara,K,Gellings,UTC -7,Ara.K.Gellings@gmail.com,,2570977480,B,2
119,,Arlie,s,Gillim,UTC 0,Arlie.s.Gillim@gmail.com,,4748261387,B,3
120,,Jacinto,a,Jahn,UTC 12,Jacinto.a.Jahn@gmail.com,,3011870230,B,3
121,,Willian,P,Player,UTC 11,Willian.P.Player@gmail.com,69,7891389510,B,3
122,,Mavis,S,Moises,UTC 0,Mavis.S.Moises@gmail.com,,9441982901,B,3
123,,Wilfredo,P,Huether,UTC 9,Wilfredo.P.Huether@gmail.com,,1718899406,B,1
124,,Dinah,N,Gray,UTC 4,Dinah.N.Gray@gmail.com,1,7243483329,B,2
125,,Myrtice,Z,Economus,UTC -12,Myrtice.Z.Economus@gmail.com,17,5363222386,B,1
126,,Marquetta,Z,Ruggerio,UTC 7,Marquetta.Z.Ruggerio@gmail.com,27,2466574186,B,4
127,,Toya,h,Berlingeri,UTC -9,Toya.h.Berlingeri@gmail.com,,5060152454,B,2
128,,Malena,W,Nattiah,UTC -9,Malena.W.Nattiah@gmail.com,81,3992909251,B,3
129,,Zelma,N,Mares,UTC 7,Zelma.N.Mares@gmail.com,9,3962478812,B,2
130,,Aurora,I,Schmal,UTC 8,Aurora.I.Schmal@gmail.com,,,B,2
131,,Devin,u,Dumont,UTC 0,Devin.u.Dumont@gmail.com,,3682872641,B,6
132,,Ronny,j,Schuppenhauer,UTC 7,Ronny.j.Schuppenhauer@gmail.com,1,6615558042,B,3
133,,Anitra,V,Feig,UTC 1,Anitra.V.Feig@gmail.com,1,3773822601,B,1
134,,Denis,D,Katula,UTC -7,Denis.D.Katula@gmail.com,1,7876856502,B,3
135,,Donald,X,Bechthold,UTC 5,Donald.X.Bechthold@gmail.com,,6439497109,B,1
136,,Lakisha,V,Sadlow,UTC 12,Lakisha.V.Sadlow@gmail.com,1,4687949378,B,3
137,,Sofia,c,Hunsucker,UTC 10,Sofia.c.Hunsucker@gmail.com,1,7285235024,B,6
138,,Isaac,C,Wittwer,UTC 11,Isaac.C.Wittwer@gmail.com,,3923516711,B,3
139,,Bernarda,P,Mattimoe,UTC 11,Bernarda.P.Mattimoe@gmail.com,,4966648735,B,5
140,,Fannie,B,Zodrow,UTC -5,Fannie.B.Zodrow@gmail.com,,8516670637,B,1
141,,Lilly,H,Shetler,UTC 9,Lilly.H.Shetler@gmail.com,,5655575776,B,3
142,,Elanor,J,Iwanyszyn,UTC 10,Elanor.J.Iwanyszyn@gmail.com,,3072989569,B,2
143,,Deetta,Y,Bocchicchio,UTC -3,Deetta.Y.Bocchicchio@gmail.com,,5926695033,B,1
144,,Machelle,i,Sibley,UTC 6,Machelle.i.Sibley@gmail.com,52,3200059065,B,3
145,,Sharita,S,Zampedri,UTC 4,Sharita.S.Zampedri@gmail.com,1,6726581703,B,1
146,,Lezlie,n,Towlerton,UTC -10,Lezlie.n.Towlerton@gmail.com,,,B,3
147,,Jesusa,s,Grzebien,UTC 5,Jesusa.s.Grzebien@gmail.com,,3162415056,B,2
148,,Isabel,M,Pilbin,UTC 1,Isabel.M.Pilbin@gmail.com,,7386711070,B,3
149,,Moses,N,Olinick,UTC -1,Moses.N.Olinick@gmail.com,1,6887727907,B,3
150,,Portia,Y,Brian,UTC 7,Portia.Y.Brian@gmail.com,,1485956344,B,4
151,,Lucina,c,Soloway,UTC 8,Lucina.c.Soloway@gmail.com,,3223642297,B,1
152,,Juana,t,Rieske,UTC 3,Juana.t.Rieske@gmail.com,,5114192663,B,6
153,,Gayla,x,Farver,UTC 8,Gayla.x.Farver@gmail.com,,6802351914,B,3
154,,Drucilla,m,Bunk,UTC -2,Drucilla.m.Bunk@gmail.com,,3889488097,B,3
155,,Kandra,V,Ferraro,UTC 1,Kandra.V.Ferraro@gmail.com,1,4757234889,B,3
156,,Rudy,R,Legault,UTC -12,Rudy.R.Legault@gmail.com,,3783402433,B,0
157,,Karissa,n,Monka,UTC 2,Karissa.n.Monka@gmail.com,,5268161877,B,3
158,,Milissa,z,Pyland,UTC -11,Milissa.z.Pyland@gmail.com,,2288993536,B,2
159,,Rolande,V,Wendelboe,UTC 5,Rolande.V.Wendelboe@gmail.com,,5203225753,B,1
160,,Meda,m,Wilbert,UTC 5,Meda.m.Wilbert@gmail.com,,1699270572,B,4
161,,Stefanie,b,Derbacher,UTC -3,Stefanie.b.Derbacher@gmail.com,9,2466804734,B,2
162,,Bret,N,Wolle,UTC -11,Bret.N.Wolle@gmail.com,,9980997530,B,3
163,,Diedre,V,Karratti,UTC 9,Diedre.V.Karratti@gmail.com,,1334930171,B,1
164,,Dyan,V,Ran,UTC 1,Dyan.V.Ran@gmail.com,,9603394830,B,1
165,,Faith,f,Bogacki,UTC -2,Faith.f.Bogacki@gmail.com,,1864625440,B,2
166,,Nickole,m,Collingwood,UTC 1,Nickole.m.Collingwood@gmail.com,1,6881707958,B,1
167,,Derick,L,Iskra,UTC -9,Derick.L.Iskra@gmail.com,,3961633045,B,0
168,,Prince,u,Rones,UTC -4,Prince.u.Rones@gmail.com,,,B,1
169,,Alison,P,Rossen,UTC -12,Alison.P.Rossen@gmail.com,,6723573213,B,2
170,,Eileen,Q,Bibel,UTC -2,Eileen.Q.Bibel@gmail.com,,6597119649,B,1
171,,Elsa,M,Hasse,UTC 8,Elsa.M.Hasse@gmail.com,,2562820388,B,3
172,,Dee,n,Bow,UTC 1,Dee.n.Bow@gmail.com,18,3863830014,B,1
173,,Dot,z,Chrystal,UTC 7,Dot.z.Chrystal@gmail.com,56,3781240860,B,3
174,,Lashawna,N,Sumbera,UTC -3,Lashawna.N.Sumbera@gmail.com,,,B,2
175,,Brittni,w,Racilis,UTC -8,Brittni.w.Racilis@gmail.com,64,6933547540,B,1
176,,Anika,w,Prohonic,UTC 6,Anika.w.Prohonic@gmail.com,47,6816097225,B,0
177,,Man,V,Preslipsky,UTC 0,Man.V.Preslipsky@gmail.com,,5070813790,B,1
178,,Clarita,G,Crafton,UTC -4,Clarita.G.Crafton@gmail.com,,6824524314,B,2
179,,Katia,z,Leuckel,UTC 6,Katia.z.Leuckel@gmail.com,,1634392949,B,4
180,,Andy,X,Ezernack,UTC -8,Andy.X.Ezernack@gmail.com,,4505228276,B,2
181,,Arnetta,u,Alambar,UTC 2,Arnetta.u.Alambar@gmail.com,,8498567445,B,1
182,,Tula,B,Delapena,UTC 6,Tula.B.Delapena@gmail.com,1,3421309231,B,2
183,,Kitty,o,Maler,UTC 7,Kitty.o.Maler@gmail.com,,,B,3
184,,Ruthanne,i,Hoglan,UTC -11,Ruthanne.i.Hoglan@gmail.com,1,1254268743,B,1
185,,Shan,s,Krystal,UTC 6,Shan.s.Krystal@gmail.com,1,7242507930,B,2
186,,Jade,p,Barras,UTC 5,Jade.p.Barras@gmail.com,,8609404932,B,1
187,,Grisel,K,Bartow,UTC -7,Grisel.K.Bartow@gmail.com,,2270264293,B,2
188,,Adam,m,Lohrke,UTC 7,Adam.m.Lohrke@gmail.com,84,5363378970,B,0
189,,Annalee,D,Gutshall,UTC 3,Annalee.D.Gutshall@gmail.com,,6446773786,B,2
190,,Chi,U,Rile,UTC 1,Chi.U.Rile@gmail.com,29,1957884743,B,1
191,,Kenneth,Y,Heral,UTC 11,Kenneth.Y.Heral@gmail.com,,7741444240,B,1
192,,Elvis,e,Burdis,UTC 6,Elvis.e.Burdis@gmail.com,,4701614021,B,3
193,,Ginette,p,Brockell,UTC -2,Ginette.p.Brockell@gmail.com,,,B,1
194,,Tawanna,v,Heyen,UTC 1,Tawanna.v.Heyen@gmail.com,60,9972544864,B,4
195,,Matilde,V,Kiral,UTC -7,Matilde.V.Kiral@gmail.com,,8837159347,B,4
196,,Suk,P,Selissen,UTC 9,Suk.P.Selissen@gmail.com,,1962301106,B,5
197,,Lorrine,n,Claudio,UTC 0,Lorrine.n.Claudio@gmail.com,,,B,3
198,,Suellen,b,Raymer,UTC -10,Suellen.b.Raymer@gmail.com,,3928325372,B,2
199,,Eusebio,x,Thate,UTC 6,Eusebio.x.Thate@gmail.com,,3290420369,B,3
200,,Forest,o,Sistrunk,UTC -4,Forest.o.Sistrunk@gmail.com,38,3409777625,C,3
201,,Randal,x,Kuchan,UTC -1,Randal.x.Kuchan@gmail.com,,2991178214,C,1
202,,Bee,U,Heiner,UTC -5,Bee.U.Heiner@gmail.com,,7654804276,C,3
203,,Chere,t,Cowell,UTC -3,Chere.t.Cowell@gmail.com,,3877180267,C,1
204,,Waylon,g,Cruice,UTC -12,Waylon.g.Cruice@gmail.com,,,C,3
205,,Emmaline,n,Aitken,UTC -2,Emmaline.n.Aitken@gmail.com,,9116810894,C,0
206,,Tresa,j,Madlem,UTC 10,Tresa.j.Madlem@gmail.com,,5872303463,C,4
207,,Annie,n,Tomlinson,UTC -4,Annie.n.Tomlinson@gmail.com,,1711722888,C,1
208,,Ma,A,Weathers,UTC -1,Ma.A.Weathers@gmail.com,,8305952595,C,3
209,,Pansy,g,Spriggs,UTC 0,Pansy.g.Spriggs@gmail.com,1,8097915904,C,3
210,,Carisa,D,Perce,UTC -8,Carisa.D.Perce@gmail.com,15,8546597524,C,0
211,,Tobie,j,Clason,UTC 10,Tobie.j.Clason@gmail.com,,7902006061,C,0
212,,Shenna,S,Bendtsen,UTC 6,Shenna.S.Bendtsen@gmail.com,62,5069480869,C,0
213,,Tomeka,u,Happ,UTC -7,Tomeka.u.Happ@gmail.com,,1505387267,C,1
214,,Dung,H,Ziehm,UTC 11,Dung.H.Ziehm@gmail.com,,4768557955,C,1
215,,Kam,I,Hornick,UTC -4,Kam.I.Hornick@gmail.com,,5977996489,C,0
216,,Digna,y,Uchiyama,UTC 1,Digna.y.Uchiyama@gmail.com,30,6613718414,C,1
217,,Dorethea,o,Vanepps,UTC -4,Dorethea.o.Vanepps@gmail.com,,1833975033,C,1
218,,Ara,K,Gellings,UTC -7,Ara.K.Gellings@gmail.com,,2570977480,C,0
219,,Arlie,s,Gillim,UTC 0,Arlie.s.Gillim@gmail.com,,4748261387,C,0
220,,Jacinto,a,Jahn,UTC 12,Jacinto.a.Jahn@gmail.com,,3011870230,C,0
221,,Willian,P,Player,UTC 11,Willian.P.Player@gmail.com,69,7891389510,C,0
222,,Mavis,S,Moises,UTC 0,Mavis.S.Moises@gmail.com,,9441982901,C,0
223,,Wilfredo,P,Huether,UTC 9,Wilfredo.P.Huether@gmail.com,,1718899406,C,1
224,,Dinah,N,Gray,UTC 4,Dinah.N.Gray@gmail.com,1,7243483329,C,0
225,,Myrtice,Z,Economus,UTC -12,Myrtice.Z.Economus@gmail.com,17,5363222386,C,0
226,,Marquetta,Z,Ruggerio,UTC 7,Marquetta.Z.Ruggerio@gmail.com,27,2466574186,C,0
227,,Toya,h,Berlingeri,UTC -9,Toya.h.Berlingeri@gmail.com,,5060152454,C,1
228,,Malena,W,Nattiah,UTC -9,Malena.W.Nattiah@gmail.com,81,3992909251,C,0
229,,Zelma,N,Mares,UTC 7,Zelma.N.Mares@gmail.com,9,3962478812,C,0
230,,Aurora,I,Schmal,UTC 8,Aurora.I.Schmal@gmail.com,,,C,0
231,,Devin,u,Dumont,UTC 0,Devin.u.Dumont@gmail.com,,3682872641,C,0
232,,Ronny,j,Schuppenhauer,UTC 7,Ronny.j.Schuppenhauer@gmail.com,1,6615558042,C,0
233,,Anitra,V,Feig,UTC 1,Anitra.V.Feig@gmail.com,1,3773822601,C,0
234,,Denis,D,Katula,UTC -7,Denis.D.Katula@gmail.com,1,7876856502,C,0
235,,Donald,X,Bechthold,UTC 5,Donald.X.Bechthold@gmail.com,,6439497109,C,0
236,,Lakisha,V,Sadlow,UTC 12,Lakisha.V.Sadlow@gmail.com,1,4687949378,C,0
237,,Sofia,c,Hunsucker,UTC 10,Sofia.c.Hunsucker@gmail.com,1,7285235024,C,1
238,,Isaac,C,Wittwer,UTC 11,Isaac.C.Wittwer@gmail.com,,3923516711,C,0
239,,Bernarda,P,Mattimoe,UTC 11,Bernarda.P.Mattimoe@gmail.com,,4966648735,C,0
240,,Fannie,B,Zodrow,UTC -5,Fannie.B.Zodrow@gmail.com,,8516670637,C,1
241,,Lilly,H,Shetler,UTC 9,Lilly.H.Shetler@gmail.com,,5655575776,C,0
242,,Elanor,J,Iwanyszyn,UTC 10,Elanor.J.Iwanyszyn@gmail.com,,3072989569,C,0
243,,Deetta,Y,Bocchicchio,UTC -3,Deetta.Y.Bocchicchio@gmail.com,,5926695033,C,0
244,,Machelle,i,Sibley,UTC 6,Machelle.i.Sibley@gmail.com,52,3200059065,C,0
245,,Sharita,S,Zampedri,UTC 4,Sharita.S.Zampedri@gmail.com,1,6726581703,C,1
246,,Lezlie,n,Towlerton,UTC -10,Lezlie.n.Towlerton@gmail.com,,,C,1
247,,Jesusa,s,Grzebien,UTC 5,Jesusa.s.Grzebien@gmail.com,,3162415056,C,1
248,,Isabel,M,Pilbin,UTC 1,Isabel.M.Pilbin@gmail.com,,7386711070,C,0
249,,Moses,N,Olinick,UTC -1,Moses.N.Olinick@gmail.com,1,6887727907,C,0
250,,Portia,Y,Brian,UTC 7,Portia.Y.Brian@gmail.com,,1485956344,C,0
251,,Lucina,c,Soloway,UTC 8,Lucina.c.Soloway@gmail.com,,3223642297,C,0
252,,Juana,t,Rieske,UTC 3,Juana.t.Rieske@gmail.com,,5114192663,C,0
253,,Gayla,x,Farver,UTC 8,Gayla.x.Farver@gmail.com,,6802351914,C,0
254,,Drucilla,m,Bunk,UTC -2,Drucilla.m.Bunk@gmail.com,,3889488097,C,0
255,,Kandra,V,Ferraro,UTC 1,Kandra.V.Ferraro@gmail.com,1,4757234889,C,0
256,,Rudy,R,Legault,UTC -12,Rudy.R.Legault@gmail.com,,3783402433,C,0
257,,Karissa,n,Monka,UTC 2,Karissa.n.Monka@gmail.com,,5268161877,C,0
258,,Milissa,z,Pyland,UTC -11,Milissa.z.Pyland@gmail.com,,2288993536,C,0
259,,Rolande,V,Wendelboe,UTC 5,Rolande.V.Wendelboe@gmail.com,,5203225753,C,0
260,,Meda,m,Wilbert,UTC 5,Meda.m.Wilbert@gmail.com,,1699270572,C,0
261,,Stefanie,b,Derbacher,UTC -3,Stefanie.b.Derbacher@gmail.com,9,2466804734,C,1
262,,Bret,N,Wolle,UTC -11,Bret.N.Wolle@gmail.com,,9980997530,C,0
263,,Diedre,V,Karratti,UTC 9,Diedre.V.Karratti@gmail.com,,1334930171,C,0
264,,Dyan,V,Ran,UTC 1,Dyan.V.Ran@gmail.com,,9603394830,C,1
265,,Faith,f,Bogacki,UTC -2,Faith.f.Bogacki@gmail.com,,1864625440,C,0
266,,Nickole,m,Collingwood,UTC 1,Nickole.m.Collingwood@gmail.com,1,6881707958,C,0
267,,Derick,L,Iskra,UTC -9,Derick.L.Iskra@gmail.com,,3961633045,C,0
268,,Prince,u,Rones,UTC -4,Prince.u.Rones@gmail.com,,,C,0
269,,Alison,P,Rossen,UTC -12,Alison.P.Rossen@gmail.com,,6723573213,C,0
270,,Eileen,Q,Bibel,UTC -2,Eileen.Q.Bibel@gmail.com,,6597119649,C,0
271,,Elsa,M,Hasse,UTC 8,Elsa.M.Hasse@gmail.com,,2562820388,C,0
272,,Dee,n,Bow,UTC 1,Dee.n.Bow@gmail.com,18,3863830014,C,1
273,,Dot,z,Chrystal,UTC 7,Dot.z.Chrystal@gmail.com,56,3781240860,C,0
274,,Lashawna,N,Sumbera,UTC -3,Lashawna.N.Sumbera@gmail.com,,,C,2
275,,Brittni,w,Racilis,UTC -8,Brittni.w.Racilis@gmail.com,64,6933547540,C,1
276,,Anika,w,Prohonic,UTC 6,Anika.w.Prohonic@gmail.com,47,6816097225,C,0
277,,Man,V,Preslipsky,UTC 0,Man.V.Preslipsky@gmail.com,,5070813790,C,0
278,,Clarita,G,Crafton,UTC -4,Clarita.G.Crafton@gmail.com,,6824524314,C,0
279,,Katia,z,Leuckel,UTC 6,Katia.z.Leuckel@gmail.com,,1634392949,C,0
280,,Andy,X,Ezernack,UTC -8,Andy.X.Ezernack@gmail.com,,4505228276,C,0
281,,Arnetta,u,Alambar,UTC 2,Arnetta.u.Alambar@gmail.com,,8498567445,C,0
282,,Tula,B,Delapena,UTC 6,Tula.B.Delapena@gmail.com,1,3421309231,C,0
283,,Kitty,o,Maler,UTC 7,Kitty.o.Maler@gmail.com,,,C,0
284,,Ruthanne,i,Hoglan,UTC -11,Ruthanne.i.Hoglan@gmail.com,1,1254268743,C,0
285,,Shan,s,Krystal,UTC 6,Shan.s.Krystal@gmail.com,1,7242507930,C,0
286,,Jade,p,Barras,UTC 5,Jade.p.Barras@gmail.com,,8609404932,C,0
287,,Grisel,K,Bartow,UTC -7,Grisel.K.Bartow@gmail.com,,2270264293,C,0
288,,Adam,m,Lohrke,UTC 7,Adam.m.Lohrke@gmail.com,84,5363378970,C,0
289,,Annalee,D,Gutshall,UTC 3,Annalee.D.Gutshall@gmail.com,,6446773786,C,0
290,,Chi,U,Rile,UTC 1,Chi.U.Rile@gmail.com,29,1957884743,C,0
291,,Kenneth,Y,Heral,UTC 11,Kenneth.Y.Heral@gmail.com,,7741444240,C,1
292,,Elvis,e,Burdis,UTC 6,Elvis.e.Burdis@gmail.com,,4701614021,C,0
293,,Ginette,p,Brockell,UTC -2,Ginette.p.Brockell@gmail.com,,,C,0
294,,Tawanna,v,Heyen,UTC 1,Tawanna.v.Heyen@gmail.com,60,9972544864,C,1
295,,Matilde,V,Kiral,UTC -7,Matilde.V.Kiral@gmail.com,,8837159347,C,1
296,,Suk,P,Selissen,UTC 9,Suk.P.Selissen@gmail.com,,1962301106,C,1
297,,Lorrine,n,Claudio,UTC 0,Lorrine.n.Claudio@gmail.com,,,C,1
298,,Suellen,b,Raymer,UTC -10,Suellen.b.Raymer@gmail.com,,3928325372,C,0
299,,Eusebio,x,Thate,UTC 6,Eusebio.x.Thate@gmail.com,,3290420369,C,0
